<?xml version="1.0" encoding='UTF-8'?>
<!DOCTYPE hibernate-mapping PUBLIC
        "-//Hibernate/Hibernate Mapping DTD 3.0//EN"
        "http://hibernate.sourceforge.net/hibernate-mapping-3.0.dtd" >

<hibernate-mapping package="com.intelliinvest.data.model">

    <class name="ManagePortfolioData">
    	<id name="id" column="id">
    		<generator class="assigned"/>
    	</id>
    	<property name="code" column="code"/>
    	<property name="price" column="price"/>
    	<property name="quantity" column="quantity"/>
    	<property name="direction" column="direction"/>
    	<property name="date" column="date"/>
    </class>
    
</hibernate-mapping>