<beans xmlns="http://www.springframework.org/schema/beans"
	xmlns:context="http://www.springframework.org/schema/context"
	xmlns:mvc="http://www.springframework.org/schema/mvc" xmlns:xsi="http://www.w3.org/2001/XMLSchema-instance"
	xsi:schemaLocation="
        http://www.springframework.org/schema/beans     
        http://www.springframework.org/schema/beans/spring-beans-3.0.xsd
        http://www.springframework.org/schema/context 
        http://www.springframework.org/schema/context/spring-context-3.0.xsd
        http://www.springframework.org/schema/mvc
        http://www.springframework.org/schema/mvc/spring-mvc-3.0.xsd">
        
		<!-- <bean id="taskDS" class="com.intelliinvest.web.services.EmployeeDS" ></bean> -->
		<bean id="userDetailDAO" class="com.intelliinvest.web.dao.UserDetailDAO" ></bean>
		<bean id="converter" class="com.intelliinvest.web.util.Converter" ></bean>
		<bean id="helper" class="com.intelliinvest.web.util.Helper" ></bean>
		<bean id="managePortfolioDAO" class="com.intelliinvest.web.dao.ManagePortfolioDao" ></bean>
		
		
	<context:component-scan base-package="com.intelliinvest.web.controllers" />
	
	

	<mvc:annotation-driven />

</beans>